<?xml version="1.0" encoding="UTF-8"?>
<project-private xmlns="http://www.netbeans.org/ns/project-private/1">
    <editor-bookmarks xmlns="http://www.netbeans.org/ns/editor-bookmarks/2" lastBookmarkId="0"/>
    <open-files xmlns="http://www.netbeans.org/ns/projectui-open-files/2">
        <group name="Aula">
            <file>file:/home/danilo/NetBeansProjects/sistema-carros/src/java/br/edu/ifnmg/carros/dao/CarroDAO.java</file>
            <file>file:/home/danilo/NetBeansProjects/sistema-carros/src/java/br/edu/ifnmg/carros/bean/CarroBean.java</file>
            <file>file:/home/danilo/NetBeansProjects/sistema-carros/web/gerenciar-carro.xhtml</file>
        </group>
    </open-files>
</project-private>
